rank,title
1위,"[<td class=""title"">
<div class=""tit3"">
<a href=""/movie/bi/mi/basic.nhn?code=163608"" title=""돈"">돈</a>
</div>
</td>, <td class=""title"">
<div class=""tit3"">
<a href=""/movie/bi/mi/basic.nhn?code=132623"" title=""캡틴 마블"">캡틴 마블</a>
</div>
</td>, <td class=""title"">
<div class=""tit3"">
<a href=""/movie/bi/mi/basic.nhn?code=180425"" title=""이스케이프 룸"">이스케이프 룸</a>
</div>
</td>, <td class=""title"">
<div class=""tit3"">
<a href=""/movie/bi/mi/basic.nhn?code=153580"" title=""악질경찰"">악질경찰</a>
</div>
</td>, <td class=""title"">
<div class=""tit3"">
<a href=""/movie/bi/mi/basic.nhn?code=161984"" title=""우상"">우상</a>
</div>
</td>, <td class=""title"">
<div class=""tit3"">
<a href=""/movie/bi/mi/basic.nhn?code=167651"" title=""극한직업"">극한직업</a>
</div>
</td>, <td class=""title"">
<div class=""tit3"">
<a href=""/movie/bi/mi/basic.nhn?code=179974"" title=""라스트 미션"">라스트 미션</a>
</div>
</td>, <td class=""title"">
<div class=""tit3"">
<a href=""/movie/bi/mi/basic.nhn?code=136900"" title=""어벤져스: 엔드게임"">어벤져스: 엔드게임</a>
</div>
</td>, <td class=""title"">
<div class=""tit3"">
<a href=""/movie/bi/mi/basic.nhn?code=177374"" title=""증인"">증인</a>
</div>
</td>, <td class=""title"">
<div class=""tit3"">
<a href=""/movie/bi/mi/basic.nhn?code=181414"" title=""어스"">어스</a>
</div>
</td>, <td class=""title"">
<div class=""tit3"">
<a href=""/movie/bi/mi/basic.nhn?code=182360"" title=""항거:유관순 이야기"">항거:유관순 이야기</a>
</div>
</td>, <td class=""title"">
<div class=""tit3"">
<a href=""/movie/bi/mi/basic.nhn?code=167099"" title=""사바하"">사바하</a>
</div>
</td>, <td class=""title"">
<div class=""tit3"">
<a href=""/movie/bi/mi/basic.nhn?code=159070"" title=""자전차왕 엄복동"">자전차왕 엄복동</a>
</div>
</td>, <td class=""title"">
<div class=""tit3"">
<a href=""/movie/bi/mi/basic.nhn?code=171539"" title=""그린 북"">그린 북</a>
</div>
</td>, <td class=""title"">
<div class=""tit3"">
<a href=""/movie/bi/mi/basic.nhn?code=172145"" title=""아사코"">아사코</a>
</div>
</td>, <td class=""title"">
<div class=""tit3"">
<a href=""/movie/bi/mi/basic.nhn?code=182407"" title=""1919 유관순"">1919 유관순</a>
</div>
</td>, <td class=""title"">
<div class=""tit3"">
<a href=""/movie/bi/mi/basic.nhn?code=100076"" title=""양지의 그녀"">양지의 그녀</a>
</div>
</td>, <td class=""title"">
<div class=""tit3"">
<a href=""/movie/bi/mi/basic.nhn?code=180381"" title=""장난스런 키스"">장난스런 키스</a>
</div>
</td>, <td class=""title"">
<div class=""tit3"">
<a href=""/movie/bi/mi/basic.nhn?code=169263"" title=""페이트 스테이 나이트 헤븐즈필 제2장 로스트 버터플라이"">페이트 스테이 나이트 헤븐즈필 제2장 로스트 버터플라이</a>
</div>
</td>, <td class=""title"">
<div class=""tit3"">
<a href=""/movie/bi/mi/basic.nhn?code=156083"" title=""겟 아웃"">겟 아웃</a>
</div>
</td>, <td class=""title"">
<div class=""tit3"">
<a href=""/movie/bi/mi/basic.nhn?code=148909"" title=""더 페이버릿: 여왕의 여자"">더 페이버릿: 여왕의 여자</a>
</div>
</td>, <td class=""title"">
<div class=""tit3"">
<a href=""/movie/bi/mi/basic.nhn?code=85140"" title=""트리플 프론티어"">트리플 프론티어</a>
</div>
</td>, <td class=""title"">
<div class=""tit3"">
<a href=""/movie/bi/mi/basic.nhn?code=182623"" title=""터미네이터 솔저"">터미네이터 솔저</a>
</div>
</td>, <td class=""title"">
<div class=""tit3"">
<a href=""/movie/bi/mi/basic.nhn?code=172143"" title=""철벽선생"">철벽선생</a>
</div>
</td>, <td class=""title"">
<div class=""tit3"">
<a href=""/movie/bi/mi/basic.nhn?code=168043"" title=""왕이 될 아이"">왕이 될 아이</a>
</div>
</td>, <td class=""title"">
<div class=""tit3"">
<a href=""/movie/bi/mi/basic.nhn?code=181411"" title=""해피 데스데이 2 유"">해피 데스데이 2 유</a>
</div>
</td>, <td class=""title"">
<div class=""tit3"">
<a href=""/movie/bi/mi/basic.nhn?code=174830"" title=""가버나움"">가버나움</a>
</div>
</td>, <td class=""title"">
<div class=""tit3"">
<a href=""/movie/bi/mi/basic.nhn?code=172448"" title=""더 길티"">더 길티</a>
</div>
</td>, <td class=""title"">
<div class=""tit3"">
<a href=""/movie/bi/mi/basic.nhn?code=136315"" title=""어벤져스: 인피니티 워"">어벤져스: 인피니티 워</a>
</div>
</td>, <td class=""title"">
<div class=""tit3"">
<a href=""/movie/bi/mi/basic.nhn?code=174050"" title=""생일"">생일</a>
</div>
</td>, <td class=""title"">
<div class=""tit3"">
<a href=""/movie/bi/mi/basic.nhn?code=140649"" title=""샤잠!"">샤잠!</a>
</div>
</td>, <td class=""title"">
<div class=""tit3"">
<a href=""/movie/bi/mi/basic.nhn?code=177508"" title=""강변호텔"">강변호텔</a>
</div>
</td>, <td class=""title"">
<div class=""tit3"">
<a href=""/movie/bi/mi/basic.nhn?code=167629"" title=""어쩌다, 결혼"">어쩌다, 결혼</a>
</div>
</td>, <td class=""title"">
<div class=""tit3"">
<a href=""/movie/bi/mi/basic.nhn?code=182206"" title=""숲속왕국의 꿀벌 여왕"">숲속왕국의 꿀벌 여왕</a>
</div>
</td>, <td class=""title"">
<div class=""tit3"">
<a href=""/movie/bi/mi/basic.nhn?code=173526"" title=""원 네이션"">원 네이션</a>
</div>
</td>, <td class=""title"">
<div class=""tit3"">
<a href=""/movie/bi/mi/basic.nhn?code=164293"" title=""룸 이스케이프"">룸 이스케이프</a>
</div>
</td>, <td class=""title"">
<div class=""tit3"">
<a href=""/movie/bi/mi/basic.nhn?code=163798"" title=""크리드 2"">크리드 2</a>
</div>
</td>, <td class=""title"">
<div class=""tit3"">
<a href=""/movie/bi/mi/basic.nhn?code=179306"" title=""선희와 슬기"">선희와 슬기</a>
</div>
</td>, <td class=""title"">
<div class=""tit3"">
<a href=""/movie/bi/mi/basic.nhn?code=163787"" title=""덤보"">덤보</a>
</div>
</td>, <td class=""title"">
<div class=""tit3"">
<a href=""/movie/bi/mi/basic.nhn?code=180875"" title=""페르소나"">페르소나</a>
</div>
</td>, <td class=""title"">
<div class=""tit3"">
<a href=""/movie/bi/mi/basic.nhn?code=182729"" title=""폴라"">폴라</a>
</div>
</td>, <td class=""title"">
<div class=""tit3"">
<a href=""/movie/bi/mi/basic.nhn?code=167648"" title=""질투의 역사"">질투의 역사</a>
</div>
</td>, <td class=""title"">
<div class=""tit3"">
<a href=""/movie/bi/mi/basic.nhn?code=164173"" title=""뺑반"">뺑반</a>
</div>
</td>, <td class=""title"">
<div class=""tit3"">
<a href=""/movie/bi/mi/basic.nhn?code=167054"" title=""더 와이프"">더 와이프</a>
</div>
</td>, <td class=""title"">
<div class=""tit3"">
<a href=""/movie/bi/mi/basic.nhn?code=152624"" title=""썬키스 패밀리"">썬키스 패밀리</a>
</div>
</td>, <td class=""title"">
<div class=""tit3"">
<a href=""/movie/bi/mi/basic.nhn?code=158178"" title=""독전"">독전</a>
</div>
</td>, <td class=""title"">
<div class=""tit3"">
<a href=""/movie/bi/mi/basic.nhn?code=181014"" title=""월드 워 핵전쟁의 서막"">월드 워 핵전쟁의 서막</a>
</div>
</td>, <td class=""title"">
<div class=""tit3"">
<a href=""/movie/bi/mi/basic.nhn?code=171785"" title=""미성년"">미성년</a>
</div>
</td>, <td class=""title"">
<div class=""tit3"">
<a href=""/movie/bi/mi/basic.nhn?code=169078"" title=""기묘한 가족"">기묘한 가족</a>
</div>
</td>, <td class=""title"">
<div class=""tit3"">
<a href=""/movie/bi/mi/basic.nhn?code=70627"" title=""잃어버린 도시 Z"">잃어버린 도시 Z</a>
</div>
</td>]"
